experiment,block,order,round,seed,version,binary_sha256,workers,shards,clients,command,keyspace,pipeline,client_threads,warmup_requests,requests,rps,cpu_seconds,cpu_us_per_request,avg_latency_ms,p50_latency_ms,p95_latency_ms,p99_ms,max_latency_ms,host_steal_percent
batching-reference,batching-ABBA,1,1,101,baseline,7f5d6f8dc5988dc1ee55b050f6b2a81ca62f9a5d4b9891a0948c8c79f9ddb98f,4,4,500,set,1000000,32,4,10000000,10000000,1173846.75,24.56,2.456,9.165,7.727,18.575,30.479,1755.135,
batching-reference,batching-ABBA,2,1,101,batch-v1,560e697b7557eec5bc9372f7949362feaf8b9a8ac1a1b0ab5c2d62ca54763ecd,4,4,500,set,1000000,32,4,10000000,10000000,1247816.38,22.71,2.271,8.574,7.471,15.415,22.847,903.679,
batching-reference,batching-ABBA,3,2,102,batch-v1,560e697b7557eec5bc9372f7949362feaf8b9a8ac1a1b0ab5c2d62ca54763ecd,4,4,500,set,1000000,32,4,10000000,10000000,1139731.0,24.55,2.455,9.578,7.935,16.623,27.711,881.151,
batching-reference,batching-ABBA,4,2,102,baseline,7f5d6f8dc5988dc1ee55b050f6b2a81ca62f9a5d4b9891a0948c8c79f9ddb98f,4,4,500,set,1000000,32,4,10000000,10000000,1287664.25,25.23,2.523,8.99,7.799,16.719,25.599,881.151,
batching-reference,batching-BAAB,1,1,101,batch-v1,560e697b7557eec5bc9372f7949362feaf8b9a8ac1a1b0ab5c2d62ca54763ecd,4,4,500,set,1000000,32,4,10000000,10000000,1287498.38,21.65,2.165,8.596,7.663,14.647,28.079,884.223,
batching-reference,batching-BAAB,2,1,101,baseline,7f5d6f8dc5988dc1ee55b050f6b2a81ca62f9a5d4b9891a0948c8c79f9ddb98f,4,4,500,set,1000000,32,4,10000000,10000000,1330317.88,24.59,2.459,8.874,7.399,17.279,30.623,866.303,
batching-reference,batching-BAAB,3,2,102,baseline,7f5d6f8dc5988dc1ee55b050f6b2a81ca62f9a5d4b9891a0948c8c79f9ddb98f,4,4,500,set,1000000,32,4,10000000,10000000,1174122.38,25.38,2.538,9.114,7.687,19.663,28.543,878.079,
batching-reference,batching-BAAB,4,2,102,batch-v1,560e697b7557eec5bc9372f7949362feaf8b9a8ac1a1b0ab5c2d62ca54763ecd,4,4,500,set,1000000,32,4,10000000,10000000,1248127.75,21.37,2.137,8.454,7.615,14.287,19.311,894.975,
routing-experiment,routing-SET-ABBA,1,1,101,batch-v1,560e697b7557eec5bc9372f7949362feaf8b9a8ac1a1b0ab5c2d62ca54763ecd,4,4,500,set,1000000,32,4,10000000,10000000,1209043.62,24.84,2.484,8.913,7.663,17.263,22.383,1736.703,1.1250319611352595
routing-experiment,routing-SET-ABBA,2,1,101,routing-v2,f7e64f6e08a7abc7d4fd480d032795ce323b352fb1bd87365efd29ff3ac3970d,4,4,500,set,1000000,32,4,10000000,10000000,1287166.88,22.92,2.292,8.678,7.687,15.063,21.567,1725.439,0.5595970900951315
routing-experiment,routing-SET-ABBA,3,2,102,routing-v2,f7e64f6e08a7abc7d4fd480d032795ce323b352fb1bd87365efd29ff3ac3970d,4,4,500,set,1000000,32,4,10000000,10000000,1248439.38,23.21,2.321,8.444,7.303,15.335,22.159,886.783,0.6109414051652319
routing-experiment,routing-SET-ABBA,4,2,102,batch-v1,560e697b7557eec5bc9372f7949362feaf8b9a8ac1a1b0ab5c2d62ca54763ecd,4,4,500,set,1000000,32,4,10000000,10000000,1247349.38,22.99,2.299,8.494,7.655,15.167,20.479,891.903,0.5254424778761062
routing-experiment,routing-SET-BAAB,1,1,101,routing-v2,f7e64f6e08a7abc7d4fd480d032795ce323b352fb1bd87365efd29ff3ac3970d,4,4,500,set,1000000,32,4,10000000,10000000,1287995.88,22.85,2.285,8.441,7.279,15.047,23.119,1724.415,0.5113636363636364
routing-experiment,routing-SET-BAAB,2,1,101,batch-v1,560e697b7557eec5bc9372f7949362feaf8b9a8ac1a1b0ab5c2d62ca54763ecd,4,4,500,set,1000000,32,4,10000000,10000000,1208605.25,22.92,2.292,8.835,7.687,15.735,24.815,876.543,0.3656307129798903
routing-experiment,routing-SET-BAAB,3,2,102,batch-v1,560e697b7557eec5bc9372f7949362feaf8b9a8ac1a1b0ab5c2d62ca54763ecd,4,4,500,set,1000000,32,4,10000000,10000000,1287498.38,22.47,2.247,8.801,7.567,15.423,23.519,899.583,0.3645541222658441
routing-experiment,routing-SET-BAAB,4,2,102,routing-v2,f7e64f6e08a7abc7d4fd480d032795ce323b352fb1bd87365efd29ff3ac3970d,4,4,500,set,1000000,32,4,10000000,10000000,1247660.62,22.95,2.295,8.567,7.455,15.495,21.695,3000.319,0.8112493239588967
routing-experiment,routing-GET-ABBA,1,1,101,batch-v1,560e697b7557eec5bc9372f7949362feaf8b9a8ac1a1b0ab5c2d62ca54763ecd,4,4,500,get,1000000,32,4,10000000,10000000,1331026.25,21.94,2.194,8.091,7.399,13.551,17.807,887.295,0.3143755358673907
routing-experiment,routing-GET-ABBA,2,1,101,routing-v2,f7e64f6e08a7abc7d4fd480d032795ce323b352fb1bd87365efd29ff3ac3970d,4,4,500,get,1000000,32,4,10000000,10000000,1210067.75,23.44,2.344,8.628,7.367,15.015,27.231,883.711,0.45846817691477887
routing-experiment,routing-GET-ABBA,3,2,102,routing-v2,f7e64f6e08a7abc7d4fd480d032795ce323b352fb1bd87365efd29ff3ac3970d,4,4,500,get,1000000,32,4,10000000,10000000,1173571.25,23.16,2.316,8.459,7.439,14.839,20.559,1790.975,0.4674110620618021
routing-experiment,routing-GET-ABBA,4,2,102,batch-v1,560e697b7557eec5bc9372f7949362feaf8b9a8ac1a1b0ab5c2d62ca54763ecd,4,4,500,get,1000000,32,4,10000000,10000000,1331203.38,22.12,2.212,8.261,7.575,13.719,18.047,3000.319,0.3611111111111111
