revision,workers,clients,round,command,requests,pipeline,threads,keyspace,uring,rps,cpu_seconds,cpu_us_per_request,wall_seconds,cpu_percent,avg_latency_ms,min_latency_ms,p50_latency_ms,p95_latency_ms,p99_latency_ms,max_latency_ms
baseline,1,50,1,set,10000000,32,4,1000000,0,547225.56,17.83,1.783,19.101823643082753,93.3418731800337,2.827,0.360,1.927,2.871,7.695,3000.319
baseline,1,50,1,get,10000000,32,4,1000000,0,783514.88,12.68,1.268,13.592741542030126,93.28508131190578,1.995,0.280,1.895,2.439,2.975,854.527
baseline,1,50,2,set,10000000,32,4,1000000,0,713623.06,13.74,1.374,14.906854905188084,92.17236021542023,2.172,0.288,2.015,2.791,4.583,856.575
baseline,1,50,2,get,10000000,32,4,1000000,0,753920.38,12.95,1.295,14.205286629032344,91.16324322195072,2.030,0.344,1.975,2.599,3.295,429.311
baseline,1,500,1,set,10000000,32,4,1000000,0,700672.62,14.17,1.417,15.701904524117708,90.24382983755415,22.561,15.408,21.887,26.207,27.599,3000.319
baseline,1,500,1,get,10000000,32,4,1000000,0,634075.19,14.46,1.446,17.0460233760532,84.8291691322791,23.028,2.528,22.255,26.879,29.295,1681.407
baseline,1,500,2,set,10000000,32,4,1000000,0,653936.69,15.05,1.505,16.48102201684378,91.31715244733451,23.895,2.248,23.199,27.967,32.031,1692.671
baseline,1,500,2,get,10000000,32,4,1000000,0,688231.25,14.43,1.443,15.829221761086956,91.16051450787891,22.962,2.288,22.623,26.127,28.719,3000.319
baseline,4,50,1,set,10000000,32,4,1000000,0,726374.62,32.85,3.285,14.680461136857048,223.76681286615826,1.438,0.176,1.111,2.359,4.415,1692.671
baseline,4,50,1,get,10000000,32,4,1000000,0,1024800.12,26.78,2.678,10.641024781158194,251.66749021596775,1.167,0.192,1.055,1.967,2.647,1471.487
baseline,4,50,2,set,10000000,32,4,1000000,0,887784.12,29.34,2.934,12.253483466804028,239.44211521144285,1.333,0.216,1.175,2.263,3.647,842.751
baseline,4,50,2,get,10000000,32,4,1000000,0,951746.44,27.19,2.719,11.481220545945689,236.8215111903018,1.185,0.160,1.071,1.999,3.039,1478.655
baseline,4,500,1,set,10000000,32,4,1000000,0,1330495.0,25.33,2.533,8.757506567053497,289.2375792819119,8.709,0.272,7.303,16.975,29.967,858.111
baseline,4,500,1,get,10000000,32,4,1000000,0,1377600.25,25.46,2.546,8.49739123089239,299.6213697615781,8.382,0.296,6.983,18.543,26.975,911.359
baseline,4,500,2,set,10000000,32,4,1000000,0,1377031.12,25.11,2.511,8.52147111413069,294.66743081909243,8.653,0.272,7.263,18.047,31.455,870.399
baseline,4,500,2,get,10000000,32,4,1000000,0,1377410.38,24.87,2.487,8.467923819785938,293.6965486379245,8.176,0.264,7.023,17.007,25.727,1733.631
candidate,1,50,1,set,10000000,32,4,1000000,0,547045.94,18.0,1.8,19.359848424093798,92.97593455121563,2.852,0.272,2.031,3.183,7.079,1663.999
candidate,1,50,1,get,10000000,32,4,1000000,0,740137.69,12.91,1.291,14.425134614109993,89.49656516461233,2.030,0.312,1.903,2.431,3.031,3000.319
candidate,1,50,2,set,10000000,32,4,1000000,0,726427.44,13.17,1.317,14.761259590974078,89.22002840498064,2.073,0.376,1.911,2.511,3.375,852.479
candidate,1,50,2,get,10000000,32,4,1000000,0,726585.81,12.94,1.294,14.629715573042631,88.45011330120336,2.022,0.352,1.863,2.471,3.151,853.503
candidate,1,500,1,set,10000000,32,4,1000000,0,688515.56,13.71,1.371,15.872214052127674,86.37736332797358,21.820,8.744,21.167,25.295,27.519,1697.791
candidate,1,500,1,get,10000000,32,4,1000000,0,677002.25,13.76,1.376,16.006398018915206,85.96562439431673,21.870,2.736,21.199,24.751,26.975,1720.319
candidate,1,500,2,set,10000000,32,4,1000000,0,700770.81,14.03,1.403,15.554084745934233,90.20138586854092,22.357,2.880,22.079,25.919,28.223,1692.671
candidate,1,500,2,get,10000000,32,4,1000000,0,677048.06,14.54,1.454,16.085055351024494,90.39446668160775,23.142,2.512,22.639,26.351,28.351,3000.319
candidate,4,50,1,set,10000000,32,4,1000000,0,700918.19,30.19,3.019,15.378906565951183,196.30784458266038,1.442,0.184,1.135,2.271,4.759,849.919
candidate,4,50,1,get,10000000,32,4,1000000,0,929454.44,26.33,2.633,11.614496493013576,226.69945284187037,1.255,0.184,1.071,2.063,2.807,3000.319
candidate,4,50,2,set,10000000,32,4,1000000,0,849978.75,26.38,2.638,12.61267136503011,209.15473999537625,1.353,0.192,1.151,2.383,3.751,856.063
candidate,4,50,2,get,10000000,32,4,1000000,0,951565.31,27.13,2.713,11.387744801817462,238.23856674124016,1.262,0.176,1.119,2.215,3.007,849.919
candidate,4,500,1,set,10000000,32,4,1000000,0,1247038.25,23.11,2.311,9.286174119915813,248.86459915108193,8.552,0.272,7.495,15.935,21.887,900.095
candidate,4,500,1,get,10000000,32,4,1000000,0,1330849.12,22.97,2.297,8.868627361953259,259.00287679852414,7.985,0.248,7.231,14.447,17.919,898.559
candidate,4,500,2,set,10000000,32,4,1000000,0,1123090.75,22.98,2.298,10.168167219962925,225.99943040751634,8.185,0.312,7.303,15.231,20.063,1714.175
candidate,4,500,2,get,10000000,32,4,1000000,0,1425720.0,22.61,2.261,8.23144633602351,274.6783381317961,7.851,0.216,7.399,13.695,17.519,884.735
