cell,sequence,order,round,seed,version,binary_sha256,workers,shards,clients,command,keyspace,pipeline,client_threads,warmup_requests,requests,rps,cpu_seconds,cpu_us_per_request,avg_latency_ms,min_latency_ms,p50_latency_ms,p95_latency_ms,p99_ms,max_latency_ms,server_host_steal_percent,client_host_busy_percent,client_host_steal_percent
1,ABBA,1,1,101,baseline,7f5d6f8dc5988dc1ee55b050f6b2a81ca62f9a5d4b9891a0948c8c79f9ddb98f,1,1,50,set,1000000,32,4,10000000,10000000,699790.06,13.88,1.388,2.185,0.384,1.983,2.775,4.743,857.599,0.5457251529684141,18.749336447605902,8.397919099692112
1,ABBA,2,1,101,batch-v1,560e697b7557eec5bc9372f7949362feaf8b9a8ac1a1b0ab5c2d62ca54763ecd,1,1,50,set,1000000,32,4,10000000,10000000,753749.88,13.04,1.304,2.036,0.304,1.919,2.607,3.439,425.215,0.2905920813657828,20.02820874471086,6.6290550070521865
1,ABBA,3,2,102,batch-v1,560e697b7557eec5bc9372f7949362feaf8b9a8ac1a1b0ab5c2d62ca54763ecd,1,1,50,set,1000000,32,4,10000000,10000000,726321.94,12.92,1.292,2.012,0.296,1.919,2.647,3.527,848.383,0.27289783387344363,20.430695233930916,8.876257105378224
1,ABBA,4,2,102,baseline,7f5d6f8dc5988dc1ee55b050f6b2a81ca62f9a5d4b9891a0948c8c79f9ddb98f,1,1,50,set,1000000,32,4,10000000,10000000,700819.94,13.84,1.384,2.187,0.24,1.975,2.887,4.415,3000.319,0.4011365535684439,17.903328386686454,10.557557769768922
2,BAAB,1,1,101,batch-v1,560e697b7557eec5bc9372f7949362feaf8b9a8ac1a1b0ab5c2d62ca54763ecd,4,4,50,set,1000000,32,4,10000000,10000000,832223.69,26.58,2.658,1.404,0.176,1.191,2.335,3.903,857.599,0.3377036154151768,21.645408163265305,7.512755102040816
2,BAAB,2,1,101,baseline,7f5d6f8dc5988dc1ee55b050f6b2a81ca62f9a5d4b9891a0948c8c79f9ddb98f,4,4,50,set,1000000,32,4,10000000,10000000,814995.88,30.76,3.076,1.432,0.184,1.255,2.479,3.767,857.087,0.3311867525298988,21.160528144544823,9.763724808895066
2,BAAB,3,2,102,baseline,7f5d6f8dc5988dc1ee55b050f6b2a81ca62f9a5d4b9891a0948c8c79f9ddb98f,4,4,50,set,1000000,32,4,10000000,10000000,888099.44,28.97,2.897,1.304,0.168,1.167,2.167,3.055,839.167,0.26052974381241856,23.50891861761427,5.852842809364549
2,BAAB,4,2,102,batch-v1,560e697b7557eec5bc9372f7949362feaf8b9a8ac1a1b0ab5c2d62ca54763ecd,4,4,50,set,1000000,32,4,10000000,10000000,849978.75,26.62,2.662,1.396,0.168,1.239,2.431,3.711,851.455,0.4396482813749001,23.635204081632654,10.739795918367347
3,ABBA,1,1,101,baseline,7f5d6f8dc5988dc1ee55b050f6b2a81ca62f9a5d4b9891a0948c8c79f9ddb98f,4,4,50,get,1000000,32,4,10000000,10000000,908265.19,30.27,3.027,1.305,0.176,1.143,2.263,3.111,847.359,0.3695652173913043,24.617737003058103,7.130942452043369
3,ABBA,2,1,101,batch-v1,560e697b7557eec5bc9372f7949362feaf8b9a8ac1a1b0ab5c2d62ca54763ecd,4,4,50,get,1000000,32,4,10000000,10000000,928763.81,26.18,2.618,1.307,0.192,1.167,2.311,3.359,854.015,0.37560760053026954,23.595982458622153,8.17654548026595
3,ABBA,3,2,102,batch-v1,560e697b7557eec5bc9372f7949362feaf8b9a8ac1a1b0ab5c2d62ca54763ecd,4,4,50,get,1000000,32,4,10000000,10000000,929022.69,25.35,2.535,1.315,0.192,1.167,2.207,3.279,858.623,0.21663778162911612,24.44569183272523,8.99522873982599
3,ABBA,4,2,102,baseline,7f5d6f8dc5988dc1ee55b050f6b2a81ca62f9a5d4b9891a0948c8c79f9ddb98f,4,4,50,get,1000000,32,4,10000000,10000000,887784.12,28.12,2.812,1.317,0.168,1.159,2.271,3.279,847.359,0.3956684714702207,25.47985942146526,9.002433090024331
4,BAAB,1,1,101,batch-v1,560e697b7557eec5bc9372f7949362feaf8b9a8ac1a1b0ab5c2d62ca54763ecd,1,1,50,get,1000000,32,4,10000000,10000000,815328.12,12.12,1.212,1.891,0.264,1.831,2.439,3.071,852.479,0.2855511136493432,20.533628427394564,7.709332349686463
4,BAAB,2,1,101,baseline,7f5d6f8dc5988dc1ee55b050f6b2a81ca62f9a5d4b9891a0948c8c79f9ddb98f,1,1,50,get,1000000,32,4,10000000,10000000,783392.06,12.57,1.257,1.966,0.264,1.807,2.519,3.535,831.999,0.46322030757828425,19.345593503701934,8.168139479340816
4,BAAB,3,2,102,baseline,7f5d6f8dc5988dc1ee55b050f6b2a81ca62f9a5d4b9891a0948c8c79f9ddb98f,1,1,50,get,1000000,32,4,10000000,10000000,767990.19,12.44,1.244,1.956,0.264,1.847,2.639,3.719,1669.119,0.3655638822884299,19.14302258251303,10.909090909090908
4,BAAB,4,2,102,batch-v1,560e697b7557eec5bc9372f7949362feaf8b9a8ac1a1b0ab5c2d62ca54763ecd,1,1,50,get,1000000,32,4,10000000,10000000,753806.75,12.79,1.279,1.996,0.272,1.895,2.535,3.263,857.087,0.5797101449275363,20.651541593949972,7.865037812681792
5,ABBA,1,1,101,baseline,7f5d6f8dc5988dc1ee55b050f6b2a81ca62f9a5d4b9891a0948c8c79f9ddb98f,1,1,500,set,1000000,32,4,10000000,10000000,713114.19,13.45,1.345,21.431,2.224,20.591,25.439,31.263,877.567,0.3832055981339553,20.931239848402814,5.70655116404981
5,ABBA,2,1,101,batch-v1,560e697b7557eec5bc9372f7949362feaf8b9a8ac1a1b0ab5c2d62ca54763ecd,1,1,500,set,1000000,32,4,10000000,10000000,688563.0,13.55,1.355,21.526,6.568,20.479,24.719,30.223,3000.319,0.3081414206941291,21.688637790332706,7.0516844528143965
5,ABBA,3,2,102,batch-v1,560e697b7557eec5bc9372f7949362feaf8b9a8ac1a1b0ab5c2d62ca54763ecd,1,1,500,set,1000000,32,4,10000000,10000000,768049.12,12.87,1.287,20.47,3.288,19.839,23.551,28.255,1689.599,0.23318385650224216,20.483301037273453,7.853641855693605
5,ABBA,4,2,102,baseline,7f5d6f8dc5988dc1ee55b050f6b2a81ca62f9a5d4b9891a0948c8c79f9ddb98f,1,1,500,set,1000000,32,4,10000000,10000000,767931.19,12.68,1.268,20.104,8.056,19.567,23.247,26.159,876.031,0.28782155063860404,21.103858925913205,8.278941944349022
6,BAAB,1,1,101,batch-v1,560e697b7557eec5bc9372f7949362feaf8b9a8ac1a1b0ab5c2d62ca54763ecd,4,4,500,set,1000000,32,4,10000000,10000000,1208313.25,21.67,2.167,8.77,0.248,7.551,14.383,20.479,1714.175,0.10290712631849755,34.272890484739676,4.506283662477558
6,BAAB,2,1,101,baseline,7f5d6f8dc5988dc1ee55b050f6b2a81ca62f9a5d4b9891a0948c8c79f9ddb98f,4,4,500,set,1000000,32,4,10000000,10000000,1209189.75,25.25,2.525,9.429,0.272,7.879,19.343,30.047,881.663,0.3112033195020747,33.29848405645583,10.47220770169019
6,BAAB,3,2,102,baseline,7f5d6f8dc5988dc1ee55b050f6b2a81ca62f9a5d4b9891a0948c8c79f9ddb98f,4,4,500,set,1000000,32,4,10000000,10000000,1246882.75,23.84,2.384,9.138,0.336,7.935,16.607,26.671,879.103,0.21321961620469082,35.553149251037716,7.88666305720989
6,BAAB,4,2,102,batch-v1,560e697b7557eec5bc9372f7949362feaf8b9a8ac1a1b0ab5c2d62ca54763ecd,4,4,500,set,1000000,32,4,10000000,10000000,1286670.12,21.21,2.121,8.801,0.224,7.759,14.247,19.807,1727.487,0.10796221322537113,34.34249628528975,6.482169390787519
7,ABBA,1,1,101,baseline,7f5d6f8dc5988dc1ee55b050f6b2a81ca62f9a5d4b9891a0948c8c79f9ddb98f,4,4,500,get,1000000,32,4,10000000,10000000,1376273.12,23.5,2.35,8.855,0.296,7.711,16.559,28.879,890.879,0.10995052226498075,34.26815213215521,7.856319631194776
7,ABBA,2,1,101,batch-v1,560e697b7557eec5bc9372f7949362feaf8b9a8ac1a1b0ab5c2d62ca54763ecd,4,4,500,get,1000000,32,4,10000000,10000000,1425313.62,20.73,2.073,8.225,0.256,7.743,13.239,17.103,887.807,0.17187052420509882,35.63745019920319,5.179282868525896
7,ABBA,3,2,102,batch-v1,560e697b7557eec5bc9372f7949362feaf8b9a8ac1a1b0ab5c2d62ca54763ecd,4,4,500,get,1000000,32,4,10000000,10000000,1339764.12,22.18,2.218,8.007,0.272,7.439,13.935,18.015,454.911,0.16556291390728478,35.823230348064136,5.279624560031286
7,ABBA,4,2,102,baseline,7f5d6f8dc5988dc1ee55b050f6b2a81ca62f9a5d4b9891a0948c8c79f9ddb98f,4,4,500,get,1000000,32,4,10000000,10000000,1376083.62,23.98,2.398,8.536,0.272,7.551,16.431,24.031,878.591,0.11487650775416428,36.613317526180595,7.389843904366726
8,BAAB,1,1,101,batch-v1,560e697b7557eec5bc9372f7949362feaf8b9a8ac1a1b0ab5c2d62ca54763ecd,1,1,500,get,1000000,32,4,10000000,10000000,767754.31,12.6,1.26,19.946,3.016,19.407,22.943,25.535,854.015,0.26771372479029093,19.55699020480855,12.19946571682992
8,BAAB,2,1,101,baseline,7f5d6f8dc5988dc1ee55b050f6b2a81ca62f9a5d4b9891a0948c8c79f9ddb98f,1,1,500,get,1000000,32,4,10000000,10000000,739535.56,12.5,1.25,19.798,2.56,19.247,22.639,27.343,884.735,0.27068177973270174,21.058861508662435,10.836113203486494
8,BAAB,3,2,102,baseline,7f5d6f8dc5988dc1ee55b050f6b2a81ca62f9a5d4b9891a0948c8c79f9ddb98f,1,1,500,get,1000000,32,4,10000000,10000000,767636.44,12.42,1.242,19.579,3.776,19.135,23.071,27.519,876.543,0.3199431212228937,19.83108478666228,14.511352418558737
8,BAAB,4,2,102,batch-v1,560e697b7557eec5bc9372f7949362feaf8b9a8ac1a1b0ab5c2d62ca54763ecd,1,1,500,get,1000000,32,4,10000000,10000000,725900.12,13.06,1.306,20.62,2.36,20.223,24.207,27.135,885.247,0.6421088205474823,20.111967888454632,12.665047005387134
